1235245754	El evangelio segun Jesucristo	Jose Saramago	Planeta	5	1998
1234567890123	Ensayo sobre la ceguera	Jose Saramago	Planeta	3	1980
1237575684789	Revoluci�n y Guerra	Tulio Alperin Donghi	Oceano	1	1985
0845679285746	Elige tu propia aventura	Raymond Montgomery	iev	2	1978
3758496890344	El Capital	Karl Marx	Santillana	1850	1850
4444444455555	Palabras Cruzadas	Gabriel Rol�n	Planeta	1	2007
1230981230984	Padre Rico, Padre Pobre	Robert Kiyosaky	Oceano	2	1998
1123455678900	La Caverna	Jose Saramago	Atlantida	2	1998
